detail_id,contact_id,address,birthday,company
1,1,광주광역시 중랑구 논현323거리 316-23 (경자문권동),1963-05-18,(주) 강김장
2,2,경기도 하남시 테헤란로 589,1999-11-25,주식회사 이
3,3,울산광역시 성북구 가락022로 460,1967-12-28,주식회사 이이한
4,4,충청남도 청주시 상당구 백제고분512길 173-16,1959-01-11,(유) 김심김
5,5,충청북도 광명시 백제고분5길 953,1986-05-07,박황
6,6,경기도 여주시 양재천길 618-75,2001-11-29,(유) 이
7,7,경상북도 구리시 개포로 47,1981-12-06,박김백
8,8,전라남도 괴산군 테헤란가 982-43 (진호김안마을),1964-06-14,주식회사 김
9,9,인천광역시 영등포구 논현가 261 (병철김이읍),1989-04-13,서강이
10,10,전라남도 용인시 기흥구 압구정가 651 (성진김홍동),1944-07-05,김이류
11,11,인천광역시 서초구 논현2로 538 (영일최읍),1988-12-31,안김이
12,12,인천광역시 관악구 가락길 960-25,1987-09-28,김문최
13,13,광주광역시 강남구 서초대가 419 (은서이동),1974-06-19,김김
14,14,광주광역시 성북구 반포대길 2 (경희손최마을),1982-06-13,김김김
15,15,강원도 시흥시 논현거리 469 (민재허황면),1973-09-13,유한회사 이
16,16,부산광역시 남구 언주로 462 (경숙권리),2010-01-06,김류
17,17,충청남도 안산시 잠실9거리 469 (옥순김장동),1991-01-27,이안
18,18,경상남도 영동군 서초중앙가 53 (주원황김읍),1963-02-07,유한회사 곽안홍
19,19,울산광역시 용산구 석촌호수거리 14-5 (옥자김윤동),1947-03-21,(주) 박김이
20,20,대전광역시 마포구 논현3가 714,1970-04-21,주식회사 이김이
21,21,전라남도 용인시 기흥구 영동대가 654-56 (하윤이박리),1974-09-03,김장김
22,22,제주특별자치도 용인시 처인구 언주0가 713-11,1970-02-20,이장
23,23,전라남도 수원시 영통구 언주1로 490 (선영유이리),1949-09-04,(주) 최
24,24,경기도 수원시 영통구 서초중앙로 900-55 (경희최배마을),2000-08-18,유한회사 장강김
25,25,대구광역시 동대문구 백제고분606로 528,1988-08-31,황김박
26,26,울산광역시 양천구 가락1길 지하171 (지혜이마을),1977-08-14,이이
27,27,울산광역시 강서구 백제고분길 995 (상훈김읍),1997-05-13,주식회사 황
28,28,인천광역시 동대문구 도산대11로 101,1946-12-20,이김
29,29,서울특별시 은평구 서초대거리 지하304 (종수김읍),1966-06-03,(유) 박
30,30,부산광역시 중랑구 논현로 85 (상철김김동),1969-10-22,유한회사 박김권
31,31,부산광역시 서대문구 서초중앙로 197,1955-04-04,이홍고
32,32,울산광역시 북구 테헤란가 779 (지우김남마을),1953-02-25,유한회사 김이이
33,33,전라북도 의정부시 학동로 지하578,1987-11-02,주식회사 김
34,34,제주특별자치도 고양시 덕양구 테헤란883거리 461 (하윤류리),1988-08-19,박장이
35,35,세종특별자치시 종로구 가락45로 995,1956-11-13,(유) 강황이
36,36,충청북도 용인시 수지구 석촌호수가 310 (민서김유리),1951-04-15,김박김
37,37,경상북도 안성시 양재천가 682,1991-06-23,김윤
38,38,경기도 평택시 논현가 238,1951-03-27,강심오
39,39,서울특별시 종로구 양재천720가 278 (지연김읍),1991-12-18,윤김
40,40,대구광역시 영등포구 테헤란59로 706,1983-04-26,(주) 송
41,41,전라남도 안산시 단원구 백제고분거리 472,1960-06-16,송곽김
42,42,충청남도 성남시 수정구 도산대길 411-96 (순자김김리),2008-08-10,(주) 최윤김
43,43,부산광역시 은평구 강남대4로 지하292,1949-03-13,주식회사 오정최
44,44,전라북도 청주시 청원구 백제고분2길 지하459,1984-07-21,김이
45,45,인천광역시 노원구 양재천가 73-14,2009-03-06,김손
46,46,전라북도 수원시 장안구 언주571가 953 (예지노김동),1974-05-21,이이박
47,47,울산광역시 마포구 역삼거리 247,1952-02-15,박황송
48,48,광주광역시 종로구 반포대31가 399 (시우이면),1969-07-16,주식회사 박김한
49,49,전라남도 화성시 잠실가 875,1950-11-13,주식회사 김박강
50,50,충청북도 고성군 도산대77가 486-5,1964-06-21,유한회사 이손박
51,51,충청북도 안산시 상록구 반포대22로 211-62,1986-08-21,(유) 송
52,52,충청남도 수원시 장안구 언주300거리 34-47 (지민권동),1951-08-23,김김오
53,53,전라북도 양양군 삼성46거리 449 (혜진윤이읍),1999-06-05,박김
54,54,경상남도 구리시 도산대10가 지하534 (명숙안민리),1972-02-04,유한회사 박김장
55,55,경기도 서천군 영동대로 18-41,1979-12-06,신고권
56,56,전라북도 용인시 기흥구 역삼가 797,1951-06-12,나오
57,57,부산광역시 중구 압구정6거리 655,1976-08-11,장한
58,58,광주광역시 성북구 가락길 644,2006-03-17,이진
59,59,제주특별자치도 의왕시 백제고분가 416 (유진김이리),2004-12-31,홍김
60,60,대구광역시 남구 논현150로 지하334 (지우김류마을),1985-03-31,정장
61,61,인천광역시 중랑구 역삼0가 322-55,1960-10-16,민고
62,62,전라북도 철원군 백제고분가 624 (정희박장마을),1958-02-25,(주) 황
63,63,세종특별자치시 동대문구 봉은사로 589 (도윤한마을),1963-07-02,김이
64,64,경상북도 충주시 영동대04로 940-25 (현정류리),1990-05-10,주식회사 최
65,65,경기도 고양시 선릉거리 785-58,1956-03-14,(주) 유김황
66,66,경상남도 안양시 동안구 강남대9로 427-20 (승민김리),1966-07-05,(주) 노
67,67,충청북도 하남시 삼성거리 746-98,1987-03-05,유한회사 황김이
68,68,경기도 천안시 동남구 잠실2가 622,1982-02-02,이김김
69,69,제주특별자치도 평택시 영동대13로 839 (종수조이리),1953-02-11,유한회사 노
70,70,경기도 충주시 삼성0거리 940 (영식오읍),1948-05-12,김이박
71,71,부산광역시 강남구 언주길 331-18,1966-05-27,(주) 서
72,72,세종특별자치시 용산구 학동거리 지하185 (정숙강이리),1965-01-17,임홍김
73,73,부산광역시 중구 서초대373길 799-2,1976-06-13,김권박
74,74,전라북도 홍천군 학동901길 311,1974-01-23,주식회사 홍이김
75,75,강원도 양평군 도산대284거리 462-99 (은정우김마을),1955-01-07,유한회사 최
76,76,충청남도 청주시 서원구 가락7거리 747-89,2003-09-19,노윤
77,77,대전광역시 관악구 오금5길 592-83,2002-05-12,(유) 강
78,78,충청북도 태안군 봉은사31로 324 (우진김장면),1987-07-05,주식회사 김김박
79,79,대구광역시 서구 반포대350길 29,1965-06-24,유한회사 박
80,80,울산광역시 관악구 서초대316길 684,1993-11-30,성김김
81,81,서울특별시 북구 서초대2가 863,1974-06-10,주식회사 고김김
82,82,대전광역시 송파구 석촌호수가 799 (재호백면),1949-09-18,배김김
83,83,경기도 파주시 논현7로 904,1978-08-19,유한회사 권김강
84,84,경상북도 고양시 일산서구 반포대8가 289 (혜진박면),2003-10-21,강윤박
85,85,울산광역시 양천구 도산대가 240 (옥순김서면),1956-04-05,(유) 오이박
86,86,울산광역시 서구 선릉63로 600-48 (수빈김하면),1995-09-22,주식회사 임
87,87,전라북도 화천군 개포가 965-48,1953-11-22,유한회사 이김신
88,88,대구광역시 성북구 강남대72가 565 (상훈박리),1978-06-05,유한회사 양
89,89,경기도 청주시 서원구 논현457가 258,1982-05-10,주식회사 김김박
90,90,제주특별자치도 인제군 논현가 70-94,1964-01-30,이김
91,91,서울특별시 중랑구 오금64거리 508,1976-05-20,(유) 양
92,92,세종특별자치시 양천구 영동대가 483-83,1951-02-25,최황김
93,93,대구광역시 광진구 양재천99로 627,2004-08-17,(유) 최송박
94,94,전라북도 화성시 양재천18거리 291-58,2000-08-27,황이김
95,95,광주광역시 서구 가락길 128 (영희김마을),1993-06-05,박장전
96,96,광주광역시 용산구 석촌호수2길 625-55,1978-07-02,최김한
97,97,전라북도 성남시 중원구 잠실거리 400 (정순배박읍),1978-01-21,(주) 이이김
98,98,전라북도 철원군 개포269길 607 (수민허읍),1954-07-14,우박김
99,99,울산광역시 중랑구 잠실길 70,1978-05-01,(주) 이김황
100,100,경기도 원주시 압구정가 172-51 (지현심송읍),1984-07-25,문우
101,101,서울특별시 중구 언주94가 744 (은지백김마을),1944-12-14,지고
102,102,울산광역시 성동구 강남대거리 434 (승현이김리),1968-03-30,주식회사 이
103,103,충청남도 횡성군 석촌호수550길 668-59,1972-06-02,한최황
104,104,전라북도 천안시 동남구 양재천로 지하453,1976-03-02,최오박
105,105,강원도 속초시 반포대93거리 631 (영자양면),1957-01-11,장박김
106,106,경기도 포천시 학동로 681,1953-03-28,주식회사 이
107,107,울산광역시 관악구 서초중앙10길 331 (지현황이동),1982-09-28,유한회사 이김김
108,108,부산광역시 도봉구 영동대845거리 지하894 (예준장마을),1968-02-17,장김
109,109,경상남도 성남시 양재천가 지하19,1981-09-17,박류
110,110,대구광역시 중구 석촌호수길 191 (보람차이읍),1976-08-15,주식회사 박박김
111,111,세종특별자치시 송파구 역삼로 882-93,1996-09-03,(유) 김
112,112,광주광역시 중구 언주23로 163-29,1957-09-17,권박
113,113,서울특별시 동작구 서초중앙로 986,1992-01-30,김이
114,114,전라북도 논산시 석촌호수로 108-20 (준혁최고면),1979-01-21,김심이
115,115,충청북도 군포시 오금가 235 (선영서읍),1965-07-10,(주) 김심송
116,116,전라남도 음성군 논현로 773 (준혁이남동),1986-05-15,(유) 윤
117,117,울산광역시 북구 봉은사353길 551-50,1946-12-21,(주) 류김강
118,118,경기도 부천시 원미구 가락거리 905-53,1968-07-26,이이
119,119,세종특별자치시 성동구 양재천가 588-12,1959-06-14,(주) 이
120,120,충청남도 홍천군 선릉길 973,1979-02-17,강허
